<?xml version="1.0" encoding="UTF-8"?>
<MSXConfiguration msx.version="0.1" xmlns:MSX="http://lci.cs.ubbcluj.ro/msx">
	<MSX:Metamodel name="UML 1.4" ext="Impl">
		<MSX:Metamodel.classes>
			<MSX:Class name="ro.ubbcluj.lci.uml.behavioralElements.collaborations.CollaborationInstanceSet"/>
			<MSX:Class name="ro.ubbcluj.lci.uml.behavioralElements.commonBehavior.DataValue"/>
			<MSX:Class name="ro.ubbcluj.lci.uml.behavioralElements.collaborations.Message"/>
			<MSX:Class name="ro.ubbcluj.lci.uml.foundation.core.TemplateParameter"/>
			<MSX:Class name="ro.ubbcluj.lci.uml.behavioralElements.stateMachines.FinalState"/>
			<MSX:Class name="ro.ubbcluj.lci.uml.behavioralElements.collaborations.Collaboration"/>
			<MSX:Class name="ro.ubbcluj.lci.uml.behavioralElements.commonBehavior.Signal"/>
			<MSX:Class name="ro.ubbcluj.lci.uml.foundation.core.Parameter"/>
			<MSX:Class name="ro.ubbcluj.lci.uml.behavioralElements.useCases.Actor"/>
			<MSX:Class name="ro.ubbcluj.lci.uml.behavioralElements.stateMachines.SimpleState"/>
			<MSX:Class name="ro.ubbcluj.lci.uml.foundation.dataTypes.BooleanExpression"/>
			<MSX:Class name="ro.ubbcluj.lci.uml.foundation.core.ElementOwnership"/>
			<MSX:Class name="ro.ubbcluj.lci.uml.modelManagement.ElementImport"/>
			<MSX:Class name="ro.ubbcluj.lci.uml.foundation.core.BehavioralFeature"/>
			<MSX:Class name="ro.ubbcluj.lci.uml.foundation.core.Interface"/>
			<MSX:Class name="ro.ubbcluj.lci.uml.behavioralElements.stateMachines.ChangeEvent"/>
			<MSX:Class name="ro.ubbcluj.lci.uml.behavioralElements.commonBehavior.SubsystemInstance"/>
			<MSX:Class name="ro.ubbcluj.lci.uml.behavioralElements.commonBehavior.AttributeLink"/>
			<MSX:Class name="ro.ubbcluj.lci.uml.foundation.core.Method"/>
			<MSX:Class name="ro.ubbcluj.lci.uml.foundation.core.Primitive"/>
			<MSX:Class name="ro.ubbcluj.lci.uml.behavioralElements.stateMachines.TimeEvent"/>
			<MSX:Class name="ro.ubbcluj.lci.uml.behavioralElements.collaborations.ClassifierRole"/>
			<MSX:Class name="ro.ubbcluj.lci.uml.foundation.core.Relationship"/>
			<MSX:Class name="ro.ubbcluj.lci.uml.behavioralElements.activityGraphs.CallState"/>
			<MSX:Class name="ro.ubbcluj.lci.uml.foundation.core.Artifact"/>
			<MSX:Class name="ro.ubbcluj.lci.uml.behavioralElements.stateMachines.StateMachine"/>
			<MSX:Class name="ro.ubbcluj.lci.uml.behavioralElements.activityGraphs.SubactivityState"/>
			<MSX:Class name="ro.ubbcluj.lci.uml.foundation.core.Permission"/>
			<MSX:Class name="ro.ubbcluj.lci.uml.behavioralElements.activityGraphs.ActivityGraph"/>
			<MSX:Class name="ro.ubbcluj.lci.uml.foundation.dataTypes.ProcedureExpression"/>
			<MSX:Class name="ro.ubbcluj.lci.uml.behavioralElements.useCases.UseCase"/>
			<MSX:Class name="ro.ubbcluj.lci.uml.behavioralElements.commonBehavior.Link"/>
			<MSX:Class name="ro.ubbcluj.lci.uml.modelManagement.Model"/>
			<MSX:Class name="ro.ubbcluj.lci.uml.foundation.core.Feature"/>
			<MSX:Class name="ro.ubbcluj.lci.uml.behavioralElements.useCases.UseCaseInstance"/>
			<MSX:Class name="ro.ubbcluj.lci.uml.foundation.extensionMechanisms.TagDefinition"/>
			<MSX:Class name="ro.ubbcluj.lci.uml.foundation.dataTypes.TimeExpression"/>
			<MSX:Class name="ro.ubbcluj.lci.uml.foundation.dataTypes.LocationReference"/>
			<MSX:Class name="ro.ubbcluj.lci.uml.foundation.core.AssociationEnd"/>
			<MSX:Class name="ro.ubbcluj.lci.uml.foundation.core.Classifier"/>
			<MSX:Class name="ro.ubbcluj.lci.uml.behavioralElements.commonBehavior.LinkEnd"/>
			<MSX:Class name="ro.ubbcluj.lci.uml.behavioralElements.stateMachines.StateVertex"/>
			<MSX:Class name="ro.ubbcluj.lci.uml.foundation.core.Dependency"/>
			<MSX:Class name="ro.ubbcluj.lci.uml.foundation.extensionMechanisms.Stereotype"/>
			<MSX:Class name="ro.ubbcluj.lci.uml.behavioralElements.commonBehavior.LinkObject"/>
			<MSX:Class name="ro.ubbcluj.lci.uml.behavioralElements.activityGraphs.ObjectFlowState"/>
			<MSX:Class name="ro.ubbcluj.lci.uml.foundation.dataTypes.MultiplicityRange"/>
			<MSX:Class name="ro.ubbcluj.lci.uml.foundation.core.EnumerationLiteral"/>
			<MSX:Class name="ro.ubbcluj.lci.uml.behavioralElements.stateMachines.Event"/>
			<MSX:Class name="ro.ubbcluj.lci.uml.behavioralElements.stateMachines.SynchState"/>
			<MSX:Class name="ro.ubbcluj.lci.uml.foundation.core.Attribute"/>
			<MSX:Class name="ro.ubbcluj.lci.uml.foundation.core.AssociationClass"/>
			<MSX:Class name="ro.ubbcluj.lci.uml.behavioralElements.commonBehavior.Exception"/>
			<MSX:Class name="ro.ubbcluj.lci.uml.foundation.dataTypes.Mapping"/>
			<MSX:Class name="ro.ubbcluj.lci.uml.foundation.core.PresentationElement"/>
			<MSX:Class name="ro.ubbcluj.lci.uml.behavioralElements.stateMachines.StubState"/>
			<MSX:Class name="ro.ubbcluj.lci.uml.foundation.dataTypes.MappingExpression"/>
			<MSX:Class name="ro.ubbcluj.lci.uml.modelManagement.Subsystem"/>
			<MSX:Class name="ro.ubbcluj.lci.uml.foundation.core.Component"/>
			<MSX:Class name="ro.ubbcluj.lci.uml.behavioralElements.commonBehavior.ComponentInstance"/>
			<MSX:Class name="ro.ubbcluj.lci.uml.behavioralElements.useCases.ExtensionPoint"/>
			<MSX:Class name="ro.ubbcluj.lci.uml.foundation.core.ModelElement"/>
			<MSX:Class name="ro.ubbcluj.lci.uml.foundation.core.ProgrammingLanguageDataType"/>
			<MSX:Class name="ro.ubbcluj.lci.uml.behavioralElements.stateMachines.Guard"/>
			<MSX:Class name="ro.ubbcluj.lci.uml.foundation.core.StructuralFeature"/>
			<MSX:Class name="ro.ubbcluj.lci.uml.behavioralElements.collaborations.AssociationRole"/>
			<MSX:Class name="ro.ubbcluj.lci.uml.foundation.dataTypes.TypeExpression"/>
			<MSX:Class name="ro.ubbcluj.lci.uml.foundation.core.Element"/>
			<MSX:Class name="ro.ubbcluj.lci.uml.foundation.core.Generalization"/>
			<MSX:Class name="ro.ubbcluj.lci.uml.behavioralElements.commonBehavior.Reception"/>
			<MSX:Class name="ro.ubbcluj.lci.uml.behavioralElements.stateMachines.CallEvent"/>
			<MSX:Class name="ro.ubbcluj.lci.uml.foundation.core.Constraint"/>
			<MSX:Class name="ro.ubbcluj.lci.uml.modelManagement.Package"/>
			<MSX:Class name="ro.ubbcluj.lci.uml.foundation.core.Usage"/>
			<MSX:Class name="ro.ubbcluj.lci.uml.behavioralElements.useCases.Extend"/>
			<MSX:Class name="ro.ubbcluj.lci.uml.foundation.core.TemplateArgument"/>
			<MSX:Class name="ro.ubbcluj.lci.uml.behavioralElements.activityGraphs.ActionState"/>
			<MSX:Class name="ro.ubbcluj.lci.uml.foundation.core.Enumeration"/>
			<MSX:Class name="ro.ubbcluj.lci.uml.behavioralElements.stateMachines.Transition"/>
			<MSX:Class name="ro.ubbcluj.lci.uml.behavioralElements.commonBehavior.NodeInstance"/>
			<MSX:Class name="ro.ubbcluj.lci.uml.behavioralElements.commonBehavior.Object"/>
			<MSX:Class name="ro.ubbcluj.lci.uml.foundation.core.Namespace"/>
			<MSX:Class name="ro.ubbcluj.lci.uml.behavioralElements.stateMachines.Pseudostate"/>
			<MSX:Class name="ro.ubbcluj.lci.uml.behavioralElements.stateMachines.SubmachineState"/>
			<MSX:Class name="ro.ubbcluj.lci.uml.foundation.core.Association"/>
			<MSX:Class name="ro.ubbcluj.lci.uml.foundation.dataTypes.Geometry"/>
			<MSX:Class name="ro.ubbcluj.lci.uml.foundation.core.Node"/>
			<MSX:Class name="ro.ubbcluj.lci.uml.behavioralElements.collaborations.Interaction"/>
			<MSX:Class name="ro.ubbcluj.lci.uml.foundation.core.Flow"/>
			<MSX:Class name="ro.ubbcluj.lci.uml.foundation.core.Abstraction"/>
			<MSX:Class name="ro.ubbcluj.lci.uml.foundation.dataTypes.Expression"/>
			<MSX:Class name="ro.ubbcluj.lci.uml.behavioralElements.activityGraphs.Partition"/>
			<MSX:Class name="ro.ubbcluj.lci.uml.foundation.core.Binding"/>
			<MSX:Class name="ro.ubbcluj.lci.uml.foundation.dataTypes.ArgListsExpression"/>
			<MSX:Class name="ro.ubbcluj.lci.uml.foundation.extensionMechanisms.TaggedValue"/>
			<MSX:Class name="ro.ubbcluj.lci.uml.behavioralElements.stateMachines.SignalEvent"/>
			<MSX:Class name="ro.ubbcluj.lci.uml.behavioralElements.activityGraphs.ClassifierInState"/>
			<MSX:Class name="ro.ubbcluj.lci.uml.behavioralElements.useCases.Include"/>
			<MSX:Class name="ro.ubbcluj.lci.uml.foundation.core.Class"/>
			<MSX:Class name="ro.ubbcluj.lci.uml.behavioralElements.collaborations.AssociationEndRole"/>
			<MSX:Class name="ro.ubbcluj.lci.uml.behavioralElements.collaborations.InteractionInstanceSet"/>
			<MSX:Class name="ro.ubbcluj.lci.uml.foundation.core.Operation"/>
			<MSX:Class name="ro.ubbcluj.lci.uml.foundation.core.ElementResidence"/>
			<MSX:Class name="ro.ubbcluj.lci.uml.foundation.dataTypes.Multiplicity"/>
			<MSX:Class name="ro.ubbcluj.lci.uml.foundation.core.GeneralizableElement"/>
			<MSX:Class name="ro.ubbcluj.lci.uml.foundation.core.DataType"/>
			<MSX:Class name="ro.ubbcluj.lci.uml.behavioralElements.commonBehavior.Instance"/>
			<MSX:Class name="ro.ubbcluj.lci.uml.behavioralElements.commonBehavior.Stimulus"/>
			<MSX:Class name="ro.ubbcluj.lci.uml.behavioralElements.stateMachines.State"/>
			<MSX:Class name="ro.ubbcluj.lci.uml.behavioralElements.stateMachines.CompositeState"/>
			<MSX:Class name="ro.ubbcluj.lci.uml.foundation.core.Comment"/>
		</MSX:Metamodel.classes>
		<MSX:Metamodel.xmlMappings>
			<MSX:XMLMapping root="XMI" version="1.1" metamodel="UML" mversion="1.3">
				<MSX:XMLMapping.default>
					<MSX:XMLClassMapping name="ro.ubbcluj.lci.xmi.custom.xmi.xmi1_1.XMIClassMapping"/>
					<MSX:XMLFieldMapping name="ro.ubbcluj.lci.xmi.structure.XMLFieldMapping">
						<MSX:XMLFieldMapping.problem name="container" newName="StateVertex.container" owner="ro.ubbcluj.lci.uml.behavioralElements.stateMachines.StateVertex"/>
					</MSX:XMLFieldMapping>
				</MSX:XMLMapping.default>
				<MSX:XMLMapping.exceptions>
					<!-- Field name or type changed -->
					<MSX:XMLFieldMapping name="ro.ubbcluj.lci.xmi.structure.XMLFieldMapping" xmlNamespace="" xmlName="type" oldXmlNamespace="" oldXmlName="participant" owner="ro.ubbcluj.lci.uml.foundation.core.AssociationEnd"/>
					<MSX:XMLFieldMapping name="ro.ubbcluj.lci.xmi.structure.XMLFieldMapping" xmlNamespace="" xmlName="value" oldXmlNamespace="" oldXmlName="dataValue" owner="ro.ubbcluj.lci.uml.foundation.extensionMechanisms.TaggedValue"/>
					<MSX:XMLFieldMapping name="ro.ubbcluj.lci.xmi.custom.xmi.xmi1_1.XMIFieldMapping_type" xmlNamespace="" xmlName="tag" oldXmlNamespace="" oldXmlName="type" owner="ro.ubbcluj.lci.uml.foundation.extensionMechanisms.TaggedValue"/>
					<MSX:XMLFieldMapping name="ro.ubbcluj.lci.xmi.structure.XMLFieldMapping" xmlNamespace="" xmlName="participant" oldXmlNamespace="" oldXmlName="specifiedEnd" owner="ro.ubbcluj.lci.uml.foundation.core.Classifier"/>
					<MSX:XMLFieldMapping name="ro.ubbcluj.lci.xmi.structure.XMLFieldMapping" xmlNamespace="" xmlName="elementResidence" oldXmlNamespace="" oldXmlName="container" owner="ro.ubbcluj.lci.uml.foundation.core.ModelElement"/>
					<MSX:XMLFieldMapping name="ro.ubbcluj.lci.xmi.structure.XMLFieldMapping" xmlNamespace="" xmlName="parameterTemplate2" oldXmlNamespace="" oldXmlName="template" owner="ro.ubbcluj.lci.uml.foundation.core.ModelElement"/>
					<MSX:XMLFieldMapping name="ro.ubbcluj.lci.xmi.structure.XMLFieldMapping" xmlNamespace="" xmlName="elementImport2" oldXmlNamespace="" oldXmlName="package" owner="ro.ubbcluj.lci.uml.foundation.core.ModelElement"/>
					<MSX:XMLFieldMapping name="ro.ubbcluj.lci.xmi.structure.XMLFieldMapping" xmlNamespace="" xmlName="residentElement" oldXmlNamespace="" oldXmlName="resident" owner="ro.ubbcluj.lci.uml.foundation.core.Component"/>
					<MSX:XMLFieldMapping name="ro.ubbcluj.lci.xmi.structure.XMLFieldMapping" xmlNamespace="" xmlName="resident" oldXmlNamespace="" oldXmlName="deployedComponent" owner="ro.ubbcluj.lci.uml.foundation.core.Node"/>
					<MSX:XMLFieldMapping name="ro.ubbcluj.lci.xmi.structure.XMLFieldMapping" xmlNamespace="" xmlName="implementationLocation" oldXmlNamespace="" oldXmlName="container" owner="ro.ubbcluj.lci.uml.foundation.core.ElementResidence"/>
					<MSX:XMLFieldMapping name="ro.ubbcluj.lci.xmi.structure.XMLFieldMapping" xmlNamespace="" xmlName="modelElement" oldXmlNamespace="" oldXmlName="template" owner="ro.ubbcluj.lci.uml.foundation.core.TemplateParameter"/>
					<MSX:XMLFieldMapping name="ro.ubbcluj.lci.xmi.structure.XMLFieldMapping" xmlNamespace="" xmlName="modelElement2" oldXmlNamespace="" oldXmlName="parameterTemplate" owner="ro.ubbcluj.lci.uml.foundation.core.TemplateParameter"/>
					<MSX:XMLFieldMapping name="ro.ubbcluj.lci.xmi.structure.XMLFieldMapping" xmlNamespace="" xmlName="subMachineState" oldXmlNamespace="" oldXmlName="submachineState" owner="ro.ubbcluj.lci.uml.behavioralElements.stateMachines.StateMachine"/>
					<MSX:XMLFieldMapping name="ro.ubbcluj.lci.xmi.structure.XMLFieldMapping" xmlNamespace="" xmlName="elementImport" oldXmlNamespace="" oldXmlName="importedElement" owner="ro.ubbcluj.lci.uml.modelManagement.Package"/>
					<MSX:XMLFieldMapping name="ro.ubbcluj.lci.xmi.structure.XMLFieldMapping" xmlNamespace="" xmlName="modelElement" oldXmlNamespace="" oldXmlName="importedElement" owner="ro.ubbcluj.lci.uml.modelManagement.ElementImport"/>
					<MSX:XMLFieldMapping name="ro.ubbcluj.lci.xmi.structure.XMLFieldMapping" xmlNamespace="" xmlName="qualifiedValue" oldXmlNamespace="" oldXmlName="qualifierValue" owner="ro.ubbcluj.lci.uml.behavioralElements.commonBehavior.LinkEnd"/>
					<!-- Object creation changed -->
					<MSX:XMLClassMapping name="ro.ubbcluj.lci.xmi.custom.xmi.xmi1_1.XMIClassMapping_ModelElement" owner="ro.ubbcluj.lci.uml.foundation.core.ModelElement"/>
					<!-- Objects HREF -->
					<MSX:XMLClassMapping name="ro.ubbcluj.lci.xmi.custom.xmi.xmi1_1.XMIClassMapping_ModelElement" xmlType="OBJECT_HREF" owner="ro.ubbcluj.lci.uml.foundation.core.Class"/>
					<MSX:XMLClassMapping name="ro.ubbcluj.lci.xmi.custom.xmi.xmi1_1.XMIClassMapping_ModelElement" xmlType="OBJECT_HREF" owner="ro.ubbcluj.lci.uml.foundation.core.Interface"/>
					<MSX:XMLClassMapping name="ro.ubbcluj.lci.xmi.custom.xmi.xmi1_1.XMIClassMapping_ModelElement" xmlType="OBJECT_HREF" owner="ro.ubbcluj.lci.uml.foundation.core.Relationship"/>
					<MSX:XMLClassMapping name="ro.ubbcluj.lci.xmi.custom.xmi.xmi1_1.XMIClassMapping_ModelElement" xmlType="OBJECT_HREF" owner="ro.ubbcluj.lci.uml.foundation.core.Generalization"/>
					<MSX:XMLClassMapping name="ro.ubbcluj.lci.xmi.custom.xmi.xmi1_1.XMIClassMapping_ModelElement" xmlType="OBJECT_HREF" owner="ro.ubbcluj.lci.uml.modelManagement.Package"/>
					<MSX:XMLClassMapping name="ro.ubbcluj.lci.xmi.custom.xmi.xmi1_1.XMIClassMapping_ModelElement" xmlType="OBJECT_HREF" owner="ro.ubbcluj.lci.uml.behavioralElements.useCases.Actor"/>
					<MSX:XMLClassMapping name="ro.ubbcluj.lci.xmi.custom.xmi.xmi1_1.XMIClassMapping_ModelElement" xmlType="OBJECT_HREF" owner="ro.ubbcluj.lci.uml.behavioralElements.useCases.UseCase"/>
					<!-- Field setting and getting changed -->
					<MSX:XMLFieldMapping name="ro.ubbcluj.lci.xmi.custom.xmi.xmi1_1.XMIFieldMapping_ownedElement" xmlType="" xmlNamespace="" xmlName="ownedElement" oldXmlNamespace="" oldXmlName="ownedElement" owner="ro.ubbcluj.lci.uml.foundation.core.Namespace"/>
					<MSX:XMLFieldMapping name="ro.ubbcluj.lci.xmi.custom.xmi.xmi1_1.XMIFieldMapping_namespace" xmlNamespace="" xmlName="namespace" oldXmlNamespace="" oldXmlName="namespace" owner="ro.ubbcluj.lci.uml.foundation.core.ModelElement"/>
					<MSX:XMLFieldMapping name="ro.ubbcluj.lci.xmi.custom.xmi.xmi1_1.XMIFieldMapping_EO_visibility" xmlNamespace="" xmlName="visibility" oldXmlNamespace="" oldXmlName="visibility" owner="ro.ubbcluj.lci.uml.foundation.core.ModelElement"/>
					<MSX:XMLFieldMapping name="ro.ubbcluj.lci.xmi.custom.xmi.xmi1_1.XMIFieldMapping_EO_isSpecification" xmlNamespace="" xmlName="isSpecification" oldXmlNamespace="" oldXmlName="isSpecification" owner="ro.ubbcluj.lci.uml.foundation.core.ModelElement"/>
					<MSX:XMLFieldMapping name="ro.ubbcluj.lci.xmi.custom.xmi.xmi1_1.XMIFieldMappingAEVisibility" xmlNamespace="" xmlName="visibility" oldXmlNamespace="" oldXmlName="visibility" owner="ro.ubbcluj.lci.uml.foundation.core.AssociationEnd"/>
					<MSX:XMLFieldMapping name="ro.ubbcluj.lci.xmi.custom.xmi.xmi1_1.XMIFieldMappingFeatureVisibility" xmlNamespace="" xmlName="visibility" oldXmlNamespace="" oldXmlName="visibility" owner="ro.ubbcluj.lci.uml.foundation.core.Feature"/>
					<MSX:XMLFieldMapping name="ro.ubbcluj.lci.xmi.custom.xmi.xmi1_1.XMIFieldMapping_argument" xmlNamespace="" xmlName="argument" oldXmlNamespace="" oldXmlName="argument" owner="ro.ubbcluj.lci.uml.foundation.core.Binding"/>
					<MSX:XMLFieldMapping name="ro.ubbcluj.lci.xmi.custom.xmi.xmi1_1.XMIFieldMapping_binding" xmlNamespace="" xmlName="binding" oldXmlNamespace="" oldXmlName="binding" owner="ro.ubbcluj.lci.uml.foundation.core.ModelElement"/>
				</MSX:XMLMapping.exceptions>
			</MSX:XMLMapping>
			<MSX:XMLMapping root="XMI" version="1.1" metamodel="UML" mversion="1.4">
				<MSX:XMLMapping.default>
					<MSX:XMLClassMapping name="ro.ubbcluj.lci.xmi.custom.xmi.xmi1_1.XMIClassMapping"/>
					<MSX:XMLFieldMapping name="ro.ubbcluj.lci.xmi.structure.XMLFieldMapping"/>
					<MSX:XMLFieldMapping.problem name="container" newName="StateVertex.container" owner="ro.ubbcluj.lci.uml.behavioralElements.stateMachines.StateVertex"/>
				</MSX:XMLMapping.default>
				<MSX:XMLMapping.exceptions>
					<!-- Object creation changed -->
					<MSX:XMLClassMapping name="ro.ubbcluj.lci.xmi.custom.xmi.xmi1_1.XMIClassMapping_ModelElement" owner="ro.ubbcluj.lci.uml.foundation.core.ModelElement"/>
					<!-- Objects HREF -->
					<MSX:XMLClassMapping name="ro.ubbcluj.lci.xmi.custom.xmi.xmi1_1.XMIClassMapping_ModelElement" xmlType="OBJECT_HREF" owner="ro.ubbcluj.lci.uml.foundation.core.Class"/>
					<MSX:XMLClassMapping name="ro.ubbcluj.lci.xmi.custom.xmi.xmi1_1.XMIClassMapping_ModelElement" xmlType="OBJECT_HREF" owner="ro.ubbcluj.lci.uml.foundation.core.Interface"/>
					<MSX:XMLClassMapping name="ro.ubbcluj.lci.xmi.custom.xmi.xmi1_1.XMIClassMapping_ModelElement" xmlType="OBJECT_HREF" owner="ro.ubbcluj.lci.uml.foundation.core.Relationship"/>
					<MSX:XMLClassMapping name="ro.ubbcluj.lci.xmi.custom.xmi.xmi1_1.XMIClassMapping_ModelElement" xmlType="OBJECT_HREF" owner="ro.ubbcluj.lci.uml.foundation.core.Generalization"/>
					<MSX:XMLClassMapping name="ro.ubbcluj.lci.xmi.custom.xmi.xmi1_1.XMIClassMapping_ModelElement" xmlType="OBJECT_HREF" owner="ro.ubbcluj.lci.uml.modelManagement.Package"/>
					<MSX:XMLClassMapping name="ro.ubbcluj.lci.xmi.custom.xmi.xmi1_1.XMIClassMapping_ModelElement" xmlType="OBJECT_HREF" owner="ro.ubbcluj.lci.uml.behavioralElements.useCases.Actor"/>
					<MSX:XMLClassMapping name="ro.ubbcluj.lci.xmi.custom.xmi.xmi1_1.XMIClassMapping_ModelElement" xmlType="OBJECT_HREF" owner="ro.ubbcluj.lci.uml.behavioralElements.useCases.UseCase"/>
					<!-- Field setting and getting changed -->
					<MSX:XMLFieldMapping name="ro.ubbcluj.lci.xmi.custom.xmi.xmi1_1.XMIFieldMapping_ownedElement" xmlType="" xmlNamespace="" xmlName="ownedElement" oldXmlNamespace="" oldXmlName="ownedElement" owner="ro.ubbcluj.lci.uml.foundation.core.Namespace"/>
					<MSX:XMLFieldMapping name="ro.ubbcluj.lci.xmi.custom.xmi.xmi1_1.XMIFieldMapping_namespace" xmlNamespace="" xmlName="namespace" oldXmlNamespace="" oldXmlName="namespace" owner="ro.ubbcluj.lci.uml.foundation.core.ModelElement"/>
					<MSX:XMLFieldMapping name="ro.ubbcluj.lci.xmi.custom.xmi.xmi1_1.XMIFieldMapping_EO_visibility" xmlNamespace="" xmlName="visibility" oldXmlNamespace="" oldXmlName="visibility" owner="ro.ubbcluj.lci.uml.foundation.core.ModelElement"/>
					<MSX:XMLFieldMapping name="ro.ubbcluj.lci.xmi.custom.xmi.xmi1_1.XMIFieldMapping_EO_isSpecification" xmlNamespace="" xmlName="isSpecification" oldXmlNamespace="" oldXmlName="isSpecification" owner="ro.ubbcluj.lci.uml.foundation.core.ModelElement"/>
					<MSX:XMLFieldMapping name="ro.ubbcluj.lci.xmi.custom.xmi.xmi1_1.XMIFieldMappingAEVisibility" xmlNamespace="" xmlName="visibility" oldXmlNamespace="" oldXmlName="visibility" owner="ro.ubbcluj.lci.uml.foundation.core.AssociationEnd"/>
					<MSX:XMLFieldMapping name="ro.ubbcluj.lci.xmi.custom.xmi.xmi1_1.XMIFieldMappingFeatureVisibility" xmlNamespace="" xmlName="visibility" oldXmlNamespace="" oldXmlName="visibility" owner="ro.ubbcluj.lci.uml.foundation.core.Feature"/>
					<MSX:XMLFieldMapping name="ro.ubbcluj.lci.xmi.custom.xmi.xmi1_1.XMIFieldMapping_argument" xmlNamespace="" xmlName="argument" oldXmlNamespace="" oldXmlName="argument" owner="ro.ubbcluj.lci.uml.foundation.core.Binding"/>
					<MSX:XMLFieldMapping name="ro.ubbcluj.lci.xmi.custom.xmi.xmi1_1.XMIFieldMapping_binding" xmlNamespace="" xmlName="binding" oldXmlNamespace="" oldXmlName="binding" owner="ro.ubbcluj.lci.uml.foundation.core.ModelElement"/>
				</MSX:XMLMapping.exceptions>
			</MSX:XMLMapping>
			<MSX:XMLMapping root="XMI" version="1.0" metamodel="UML" mversion="1.3">
				<MSX:XMLMapping.default>
					<MSX:XMLClassMapping name="ro.ubbcluj.lci.xmi.custom.xmi.xmi1_0.XMIClassMapping"/>
					<MSX:XMLFieldMapping name="ro.ubbcluj.lci.xmi.structure.XMLFieldMapping"/>
					<MSX:XMLFieldMapping.problem name="container" newName="StateVertex.container" owner="ro.ubbcluj.lci.uml.behavioralElements.stateMachines.StateVertex"/>
				</MSX:XMLMapping.default>
				<MSX:XMLMapping.exceptions>
					<!-- Field name or type changed -->
					<MSX:XMLFieldMapping name="ro.ubbcluj.lci.xmi.structure.XMLFieldMapping" xmlNamespace="" xmlName="type" oldXmlNamespace="" oldXmlName="participant" owner="ro.ubbcluj.lci.uml.foundation.core.AssociationEnd"/>
					<MSX:XMLFieldMapping name="ro.ubbcluj.lci.xmi.structure.XMLFieldMapping" xmlNamespace="" xmlName="value" oldXmlNamespace="" oldXmlName="dataValue" owner="ro.ubbcluj.lci.uml.foundation.extensionMechanisms.TaggedValue"/>
					<MSX:XMLFieldMapping name="ro.ubbcluj.lci.xmi.custom.xmi.xmi1_1.XMIFieldMapping_type" xmlNamespace="" xmlName="tag" oldXmlNamespace="" oldXmlName="type" owner="ro.ubbcluj.lci.uml.foundation.extensionMechanisms.TaggedValue"/>
					<MSX:XMLFieldMapping name="ro.ubbcluj.lci.xmi.structure.XMLFieldMapping" xmlNamespace="" xmlName="participant" oldXmlNamespace="" oldXmlName="specifiedEnd" owner="ro.ubbcluj.lci.uml.foundation.core.Classifier"/>
					<MSX:XMLFieldMapping name="ro.ubbcluj.lci.xmi.structure.XMLFieldMapping" xmlNamespace="" xmlName="elementResidence" oldXmlNamespace="" oldXmlName="container" owner="ro.ubbcluj.lci.uml.foundation.core.ModelElement"/>
					<MSX:XMLFieldMapping name="ro.ubbcluj.lci.xmi.structure.XMLFieldMapping" xmlNamespace="" xmlName="parameterTemplate2" oldXmlNamespace="" oldXmlName="template" owner="ro.ubbcluj.lci.uml.foundation.core.ModelElement"/>
					<MSX:XMLFieldMapping name="ro.ubbcluj.lci.xmi.structure.XMLFieldMapping" xmlNamespace="" xmlName="elementImport2" oldXmlNamespace="" oldXmlName="package" owner="ro.ubbcluj.lci.uml.foundation.core.ModelElement"/>
					<MSX:XMLFieldMapping name="ro.ubbcluj.lci.xmi.structure.XMLFieldMapping" xmlNamespace="" xmlName="residentElement" oldXmlNamespace="" oldXmlName="resident" owner="ro.ubbcluj.lci.uml.foundation.core.Component"/>
					<MSX:XMLFieldMapping name="ro.ubbcluj.lci.xmi.structure.XMLFieldMapping" xmlNamespace="" xmlName="resident" oldXmlNamespace="" oldXmlName="deployedComponent" owner="ro.ubbcluj.lci.uml.foundation.core.Node"/>
					<MSX:XMLFieldMapping name="ro.ubbcluj.lci.xmi.structure.XMLFieldMapping" xmlNamespace="" xmlName="implementationLocation" oldXmlNamespace="" oldXmlName="container" owner="ro.ubbcluj.lci.uml.foundation.core.ElementResidence"/>
					<MSX:XMLFieldMapping name="ro.ubbcluj.lci.xmi.structure.XMLFieldMapping" xmlNamespace="" xmlName="modelElement" oldXmlNamespace="" oldXmlName="template" owner="ro.ubbcluj.lci.uml.foundation.core.TemplateParameter"/>
					<MSX:XMLFieldMapping name="ro.ubbcluj.lci.xmi.structure.XMLFieldMapping" xmlNamespace="" xmlName="modelElement2" oldXmlNamespace="" oldXmlName="parameterTemplate" owner="ro.ubbcluj.lci.uml.foundation.core.TemplateParameter"/>
					<MSX:XMLFieldMapping name="ro.ubbcluj.lci.xmi.structure.XMLFieldMapping" xmlNamespace="" xmlName="stimulus1" oldXmlNamespace="" oldXmlName="stimulus" owner="ro.ubbcluj.lci.uml.behavioralElements.commonBehavior.Instance"/>
					<MSX:XMLFieldMapping name="ro.ubbcluj.lci.xmi.structure.XMLFieldMapping" xmlNamespace="" xmlName="subMachineState" oldXmlNamespace="" oldXmlName="submachineState" owner="ro.ubbcluj.lci.uml.behavioralElements.stateMachines.StateMachine"/>
					<MSX:XMLFieldMapping name="ro.ubbcluj.lci.xmi.structure.XMLFieldMapping" xmlNamespace="" xmlName="elementImport" oldXmlNamespace="" oldXmlName="importedElement" owner="ro.ubbcluj.lci.uml.modelManagement.Package"/>
					<MSX:XMLFieldMapping name="ro.ubbcluj.lci.xmi.structure.XMLFieldMapping" xmlNamespace="" xmlName="modelElement" oldXmlNamespace="" oldXmlName="importedElement" owner="ro.ubbcluj.lci.uml.modelManagement.ElementImport"/>
					<MSX:XMLFieldMapping name="ro.ubbcluj.lci.xmi.structure.XMLFieldMapping" xmlNamespace="" xmlName="qualifiedValue" oldXmlNamespace="" oldXmlName="qualifierValue" owner="ro.ubbcluj.lci.uml.behavioralElements.commonBehavior.LinkEnd"/>
					<!-- Object creation changed -->
					<MSX:XMLClassMapping name="ro.ubbcluj.lci.xmi.custom.xmi.xmi1_0.XMIClassMapping_ModelElement" owner="ro.ubbcluj.lci.uml.foundation.core.ModelElement"/>
					<!-- Field setting and getting changed -->
					<MSX:XMLFieldMapping name="ro.ubbcluj.lci.xmi.custom.xmi.xmi1_1.XMIFieldMapping_ownedElement" xmlNamespace="" xmlName="ownedElement" oldXmlNamespace="" oldXmlName="ownedElement" owner="ro.ubbcluj.lci.uml.foundation.core.Namespace"/>
					<MSX:XMLFieldMapping name="ro.ubbcluj.lci.xmi.custom.xmi.xmi1_1.XMIFieldMapping_namespace" xmlNamespace="" xmlName="namespace" oldXmlNamespace="" oldXmlName="namespace" owner="ro.ubbcluj.lci.uml.foundation.core.ModelElement"/>
					<MSX:XMLFieldMapping name="ro.ubbcluj.lci.xmi.custom.xmi.xmi1_1.XMIFieldMapping_EO_visibility" xmlNamespace="" xmlName="visibility" oldXmlNamespace="" oldXmlName="visibility" owner="ro.ubbcluj.lci.uml.foundation.core.ModelElement"/>
					<MSX:XMLFieldMapping name="ro.ubbcluj.lci.xmi.custom.xmi.xmi1_1.XMIFieldMapping_EO_isSpecification" xmlNamespace="" xmlName="isSpecification" oldXmlNamespace="" oldXmlName="isSpecification" owner="ro.ubbcluj.lci.uml.foundation.core.ModelElement"/>
					<MSX:XMLFieldMapping name="ro.ubbcluj.lci.xmi.custom.xmi.xmi1_1.XMIFieldMapping_argument" xmlNamespace="" xmlName="argument" oldXmlNamespace="" oldXmlName="argument" owner="ro.ubbcluj.lci.uml.foundation.core.Binding"/>
					<MSX:XMLFieldMapping name="ro.ubbcluj.lci.xmi.custom.xmi.xmi1_1.XMIFieldMapping_binding" xmlNamespace="" xmlName="binding" oldXmlNamespace="" oldXmlName="binding" owner="ro.ubbcluj.lci.uml.foundation.core.ModelElement"/>
				</MSX:XMLMapping.exceptions>
			</MSX:XMLMapping>
		</MSX:Metamodel.xmlMappings>
	</MSX:Metamodel>
	<MSX:Metamodel name="GX API">
		<MSX:Metamodel.classes>
			<MSX:Class name="ro.ubbcluj.lci.gxapi.GXClassCell"/>
    		<MSX:Class name="ro.ubbcluj.lci.gxapi.GXObjectCell"/>	
			<MSX:Class name="ro.ubbcluj.lci.gxapi.GXClassDiagram"/>
    		<MSX:Class name="ro.ubbcluj.lci.gxapi.GXObjectDiagram"/>	
			<MSX:Class name="ro.ubbcluj.lci.gxapi.GXUseCaseDiagram"/>
			<MSX:Class name="ro.ubbcluj.lci.gxapi.GXActorCell"/>
			<MSX:Class name="ro.ubbcluj.lci.gxapi.GXUseCaseCell"/>
			<MSX:Class name="ro.ubbcluj.lci.gxapi.GXClassGProperty"/>
    		<MSX:Class name="ro.ubbcluj.lci.gxapi.GXObjectGProperty"/>	
			<MSX:Class name="ro.ubbcluj.lci.gxapi.GXActorGProperty"/>
			<MSX:Class name="ro.ubbcluj.lci.gxapi.GXConnectionSet"/>
			<MSX:Class name="ro.ubbcluj.lci.gxapi.GXConnectionSet$GXConnection"/>
			<MSX:Class name="ro.ubbcluj.lci.gxapi.GXDefaultEdge"/>
			<MSX:Class name="ro.ubbcluj.lci.gxapi.GXDefaultGProperty"/>
			<MSX:Class name="ro.ubbcluj.lci.gxapi.GXDefaultGraphCell"/>
			<MSX:Class name="ro.ubbcluj.lci.gxapi.GXDefaultMutableTreeNode"/>
			<MSX:Class name="ro.ubbcluj.lci.gxapi.GXDefaultPort"/>
			<MSX:Class name="ro.ubbcluj.lci.gxapi.GXGProperty"/>
			<MSX:Class name="ro.ubbcluj.lci.gxapi.GXHashtable"/>
			<MSX:Class name="ro.ubbcluj.lci.gxapi.GXHashtableStrings"/>
			<MSX:Class name="ro.ubbcluj.lci.gxapi.GXPackageCell"/>
			<MSX:Class name="ro.ubbcluj.lci.gxapi.GXPackageGProperty"/>
			<MSX:Class name="ro.ubbcluj.lci.gxapi.GXSpecialEdge"/>
			<MSX:Class name="ro.ubbcluj.lci.gxapi.GXSpecialPort"/>
			<MSX:Class name="ro.ubbcluj.lci.gxapi.filters.GXClassFilter"/>
		</MSX:Metamodel.classes>
		<MSX:Metamodel.xmlMappings>
			<MSX:XMLMapping root="XMI" version="1.1" metamodel="GXAPI" mversion="0.1">
				<MSX:XMLMapping.default>
					<MSX:XMLClassMapping name="ro.ubbcluj.lci.xmi.custom.gxml.gxml0_1.GXMLClassMapping"/>
					<MSX:XMLFieldMapping name="ro.ubbcluj.lci.xmi.structure.XMLFieldMapping"/>
				</MSX:XMLMapping.default>
			</MSX:XMLMapping>
		</MSX:Metamodel.xmlMappings>
	</MSX:Metamodel>
</MSXConfiguration>