<?xml version="1.0" encoding="UTF-8"?>
<name-mapping>
	<operation-owner>
		<operation-owner-name>Bag</operation-owner-name>
		<operation-mapping>
			<operation-name>collect</operation-name>
			<stereotype-name>listOfTuples_Job_Salary</stereotype-name>
		</operation-mapping>
		<operation-mapping>
			<operation-name>select</operation-name>
			<stereotype-name>managersSalary</stereotype-name>
		</operation-mapping>
	</operation-owner>
	<operation-owner>
		<operation-owner-name>Set</operation-owner-name>
		<operation-mapping>
			<operation-name>collect</operation-name>
			<stereotype-name>listOfTuples_Job_Salary</stereotype-name>
		</operation-mapping>
		<operation-mapping>
			<operation-name>select</operation-name>
			<stereotype-name>managersSalary</stereotype-name>
		</operation-mapping>
	</operation-owner>
	<operation-owner>
		<operation-owner-name>Sequence</operation-owner-name>
		<operation-mapping>
			<operation-name>collect</operation-name>
			<stereotype-name>listOfTuples_Job_Salary</stereotype-name>
		</operation-mapping>
		<operation-mapping>
			<operation-name>last</operation-name>
			<stereotype-name>managersSalary</stereotype-name>
		</operation-mapping>
		<operation-mapping>
			<operation-name>select</operation-name>
			<stereotype-name>managersSalary</stereotype-name>
		</operation-mapping>
	</operation-owner>
	<operation-owner>
		<operation-owner-name>OrderedSet</operation-owner-name>
		<operation-mapping>
			<operation-name>collect</operation-name>
			<stereotype-name>listOfTuples_Job_Salary</stereotype-name>
		</operation-mapping>
		<operation-mapping>
			<operation-name>select</operation-name>
			<stereotype-name>managersSalary</stereotype-name>
		</operation-mapping>
		<operation-mapping>
			<operation-name>last</operation-name>
			<stereotype-name>managersSalary</stereotype-name>
		</operation-mapping>
	</operation-owner>
	<operation-owner>
		<operation-owner-name>Collection</operation-owner-name>
		<operation-mapping>
			<operation-name>exists</operation-name>
			<stereotype-name>isMarried</stereotype-name>
		</operation-mapping>
		<operation-mapping>
			<operation-name>one</operation-name>
			<stereotype-name>test_one</stereotype-name>
		</operation-mapping>
		<operation-mapping>
			<operation-name>any</operation-name>
			<stereotype-name>test_any</stereotype-name>
		</operation-mapping>
		<operation-mapping>
			<operation-name>size</operation-name>
			<stereotype-name>bosses_objectivity</stereotype-name>
		</operation-mapping>
		<operation-mapping>
			<operation-name>sum</operation-name>
			<stereotype-name>bosses_objectivity</stereotype-name>
		</operation-mapping>
		<operation-mapping>
			<operation-name>forAll</operation-name>
			<stereotype-name>forAll2</stereotype-name>
		</operation-mapping>
		<operation-mapping>
			<operation-name>includes</operation-name>
			<stereotype-name>managersSalary</stereotype-name>
		</operation-mapping>
		<operation-mapping>
			<operation-name>isEmpty</operation-name>
			<stereotype-name>managersSalary</stereotype-name>
		</operation-mapping>
		<operation-mapping>
			<operation-name>isUnique</operation-name>
			<stereotype-name>uniqueName</stereotype-name>
		</operation-mapping>
		<operation-mapping>
			<operation-name>iterate</operation-name>
			<stereotype-name>salaries_expenses</stereotype-name>
		</operation-mapping>
		<operation-mapping>
			<operation-name>notEmpty</operation-name>
			<stereotype-name>selectExample_NoDeclarator</stereotype-name>
		</operation-mapping>
	</operation-owner>
	<operation-owner>
		<operation-owner-name>OclAny</operation-owner-name>
		<operation-mapping>
			<operation-name>isDefined</operation-name>
			<stereotype-name>test_any</stereotype-name>
		</operation-mapping>
		<operation-mapping>
			<operation-name>isUndefined</operation-name>
			<stereotype-name>test_any</stereotype-name>
		</operation-mapping>
	</operation-owner>
	<operation-owner>
		<operation-owner-name>OclType</operation-owner-name>
		<operation-mapping>
			<operation-name>allInstances</operation-name>
			<stereotype-name>uniqueName</stereotype-name>
		</operation-mapping>
	</operation-owner>
</name-mapping>
